14123890,Christopher Walker,christopher.walker@email.com,09121111123,B-,0,2025-01-21,1,0,1,2024-11-15
15234567,Alexander Brown,alexander.brown@email.com,09121111111,O+,0,2025-01-15,1,1,1,2025-01-10
15678912,William Allen,william.allen@email.com,09121111127,O+,0,2025-01-22,1,1,1,2024-10-30
16756234,Marcus Lewis,marcus.lewis@email.com,09121111119,O-,0,2025-01-19,1,0,1,2024-12-20
18234123,Andrew Nelson,andrew.nelson@email.com,09121111115,B+,0,2025-01-17,1,0,1,2025-01-08
20567890,Anna Miller,anna.miller@email.com,09121111113,A+,0,2025-01-16,1,0,1,2025-01-12
21345678,Sophia Hall,sophia.hall@email.com,09121111125,AB-,0,NULL,0,0,0,NULL
22891234,Amanda Rodriguez,amanda.rodriguez@email.com,09121111117,AB+,0,2025-01-18,1,1,1,2025-01-05
23421567,Rachel Lee,rachel.lee@email.com,09121111121,A-,0,2025-01-20,1,0,0,2025-01-02
24567890,Victoria Young,victoria.young@email.com,09121111129,A+,0,2025-01-24,2,1,2,2025-01-20
