1,15234567,10000001,2025-01-15,Alzheimers Follow-up,Confirmed,140/85,72,30,Patient attended with caregiver
2,20567890,10000001,2025-01-16,Parkinsons Assessment,Completed,130/80,68,25,Improvement in symptoms noted
3,18234123,10000002,2025-01-17,Epilepsy Control Check,Confirmed,120/75,70,20,No seizure episodes
4,22891234,10000002,2025-01-18,MS Evaluation,Completed,125/78,75,35,Reduced resilience
5,16756234,20000001,2025-01-19,Migraine Treatment,Confirmed,118/76,66,25,New medications initiated
6,23421567,10000001,2025-01-20,Follow-up Visit,Confirmed,128/82,71,15,No seizure recurrence
7,14123890,30000001,2025-01-21,Diabetes Control,Completed,135/88,73,20,Partial control achieved
8,15678912,10000001,2025-01-22,Recurrent Assessment,Confirmed,142/90,76,40,Residual neurological deficit
9,24567890,40000001,2025-01-23,Medication Renewal,Completed,115/72,64,10,Normal
10,24567890,10000002,2025-01-24,Head Trauma Follow-up,Confirmed,138/87,74,30,Imaging required
