1,15234567,1,10000001,2025-01-10,Severe,Patient shows advanced stages of Alzheimers disease
2,20567890,2,10000001,2025-01-12,Moderate,Mild to moderate Parkinsons symptoms
3,18234123,3,10000002,2025-01-08,Mild,Epilepsy controlled with medication
4,22891234,4,10000002,2024-12-20,Severe,Active MS with frequent relapses
5,16756234,5,20000001,2025-01-05,Moderate,Chronic migraine resistant to treatment
6,23421567,6,10000001,2024-11-15,Mild,Single febrile seizure episode
7,14123890,7,30000001,2025-01-02,Moderate,Diabetic neuropathy in feet
8,15678912,8,10000001,2024-10-30,Severe,Stroke with neurological deficit
9,24567890,9,40000001,2025-01-11,Mild,Hemophilia Type B
10,24567890,10,10000002,2024-12-28,Severe,Head trauma with brain edema
